D,delta,G_full_atoms,K_selective_generated,ratio_G_over_K
1,1,2,2,1.0
1,2,4,4,1.0
1,3,8,6,1.3333333333333333
1,4,16,8,2.0
1,5,32,10,3.2
1,6,64,12,5.333333333333333
1,7,128,14,9.142857142857142
1,8,256,16,16.0
1,9,512,18,28.444444444444443
1,10,1024,20,51.2
1,11,2048,22,93.0909090909091
1,12,4096,24,170.66666666666666
2,1,4,4,1.0
2,2,16,8,2.0
2,3,64,12,5.333333333333333
2,4,256,16,16.0
2,5,1024,20,51.2
2,6,4096,24,170.66666666666666
2,7,16384,28,585.1428571428571
2,8,65536,32,2048.0
2,9,262144,36,7281.777777777777
2,10,1048576,40,26214.4
2,11,4194304,44,95325.09090909091
2,12,16777216,48,349525.3333333333
3,1,8,6,1.3333333333333333
3,2,64,12,5.333333333333333
3,3,512,18,28.444444444444443
3,4,4096,24,170.66666666666666
3,5,32768,30,1092.2666666666667
3,6,262144,36,7281.777777777777
3,7,2097152,42,49932.19047619047
3,8,16777216,48,349525.3333333333
3,9,134217728,54,2485513.4814814813
3,10,1073741824,60,17895697.066666666
3,11,8589934592,66,130150524.12121212
3,12,68719476736,72,954437176.8888888
4,1,16,8,2.0
4,2,256,16,16.0
4,3,4096,24,170.66666666666666
4,4,65536,32,2048.0
4,5,1048576,40,26214.4
4,6,16777216,48,349525.3333333333
4,7,268435456,56,4793490.285714285
4,8,4294967296,64,67108864.0
4,9,68719476736,72,954437176.8888888
4,10,1099511627776,80,13743895347.2
4,11,17592186044416,88,199911205050.18182
4,12,281474976710656,96,2932031007402.6665
